MoreComments	para 5	unresolved suggestion	inserted text: 
MoreComments	para 6	unresolved suggestion	inserted text: SuggestEdits
MoreComments	para 7	unresolved suggestion	inserted text: 
MoreComments	para 8	unresolved suggestion	inserted text: 
MoreComments	para 9	unresolved suggestion	inserted text: 
MoreComments	para 10	unresolved suggestion	inserted text: 😆
MoreComments	para 10	unresolved suggestion	style change: bold,italic,underline,strikethrough,color,background-color,font-size,font-family,baseline-offset
MoreComments	para 10	unresolved suggestion	inserted text: 
Test3	para 26	checklist	2 items, checked state unknown (API limitation)
TestDoc	para 25	checklist	4 items, checked state unknown (API limitation)
TestDoc	para 55	checklist	1 items, checked state unknown (API limitation)
